Image,Class
image6245.jpg,Food
image10409.jpg,Food
image8692.jpg,misc
image10517.jpg,Food
image2580.jpg,Decorationandsignage
image848.jpg,Attire
image1232.jpg,Decorationandsignage
image8386.jpg,Food
image9828.jpg,Decorationandsignage
image9033.jpg,Attire
image2857.jpg,Decorationandsignage
image7838.jpg,Decorationandsignage
image6337.jpg,Decorationandsignage
image3608.jpg,misc
image9190.jpg,Food
image8586.jpg,misc
image8140.jpg,Food
image8208.jpg,misc
image1052.jpg,Decorationandsignage
image3926.jpg,Attire
image3726.jpg,misc
image1491.jpg,Attire
image1572.jpg,Attire
image3925.jpg,Attire
image4858.jpg,misc
image1498.jpg,Attire
image6432.jpg,Food
image6175.jpg,misc
image4756.jpg,Food
image9174.jpg,Food
image7285.jpg,Food
image5797.jpg,Attire
image3666.jpg,misc
image5597.jpg,misc
image5663.jpg,Decorationandsignage
image9985.jpg,Decorationandsignage
image7108.jpg,Attire
image3064.jpg,Attire
image1781.jpg,Food
image9617.jpg,Attire
image7924.jpg,Food
image5861.jpg,Food
image4276.jpg,Attire
image7252.jpg,Decorationandsignage
image5331.jpg,Attire
image8666.jpg,Attire
image5984.jpg,misc
image401.jpg,Attire
image3483.jpg,Decorationandsignage
image10088.jpg,misc
image6596.jpg,misc
image318.jpg,Food
image802.jpg,Decorationandsignage
image6218.jpg,misc
image4565.jpg,Attire
image37.jpg,Food
image2372.jpg,Food
image7920.jpg,Attire
image3571.jpg,Decorationandsignage
image5368.jpg,Decorationandsignage
image753.jpg,Decorationandsignage
image10123.jpg,Food
image2107.jpg,Decorationandsignage
image1871.jpg,Food
image2731.jpg,Food
image10828.jpg,Decorationandsignage
image217.jpg,Attire
image10788.jpg,Attire
image8563.jpg,Food
image5125.jpg,Food
image2719.jpg,Decorationandsignage
image6911.jpg,Food
image9095.jpg,Decorationandsignage
image5207.jpg,Attire
image7478.jpg,misc
image7776.jpg,Food
image3644.jpg,Food
image8224.jpg,Attire
image2565.jpg,Food
image6160.jpg,misc
image2524.jpg,Decorationandsignage
image1722.jpg,Food
image8457.jpg,Food
image8578.jpg,Attire
image1954.jpg,misc
image7643.jpg,Food
image7714.jpg,Food
image307.jpg,Attire
image1341.jpg,Attire
image8686.jpg,Decorationandsignage
image7887.jpg,Food
image3274.jpg,Attire
image1426.jpg,misc
image845.jpg,Attire
image1549.jpg,Food
image3503.jpg,Food
image2252.jpg,Attire
image2767.jpg,Food
image10562.jpg,Food
image7268.jpg,misc
image9060.jpg,misc
image7529.jpg,misc
image3923.jpg,Attire
image6891.jpg,misc
image5590.jpg,Food
image4302.jpg,Attire
image9905.jpg,Decorationandsignage
image3328.jpg,Food
image9614.jpg,Attire
image1666.jpg,Decorationandsignage
image1795.jpg,Food
image2928.jpg,Food
image9002.jpg,misc
image3621.jpg,Attire
image4196.jpg,Food
image10143.jpg,Food
image9736.jpg,Food
image8658.jpg,Decorationandsignage
image7313.jpg,misc
image3422.jpg,misc
image9391.jpg,Food
image7732.jpg,Decorationandsignage
image9951.jpg,misc
image9627.jpg,Decorationandsignage
image5146.jpg,Food
image8480.jpg,Attire
image1460.jpg,Attire
image8731.jpg,Food
image6637.jpg,Attire
image3194.jpg,misc
image9157.jpg,Attire
image5073.jpg,Attire
image6354.jpg,Attire
image7809.jpg,Food
image9849.jpg,Attire
image9965.jpg,Attire
image7334.jpg,misc
image2284.jpg,Attire
image5644.jpg,Food
image9675.jpg,Attire
image2866.jpg,Attire
image6954.jpg,Attire
image5395.jpg,misc
image9619.jpg,Decorationandsignage
image8834.jpg,Food
image6991.jpg,Attire
image8762.jpg,Attire
image5474.jpg,Attire
image8691.jpg,Food
image7879.jpg,Food
image6092.jpg,Food
image8918.jpg,Attire
image7682.jpg,misc
image6034.jpg,Attire
image9572.jpg,Food
image4291.jpg,Decorationandsignage
image10625.jpg,Food
image7913.jpg,Food
image8135.jpg,misc
image10242.jpg,Attire
image7844.jpg,Decorationandsignage
image7795.jpg,Food
image7694.jpg,Food
image3760.jpg,misc
image7889.jpg,Attire
image528.jpg,Attire
image4611.jpg,Food
image6782.jpg,Food
image2964.jpg,Attire
image2054.jpg,misc
image7256.jpg,Food
image4101.jpg,Food
image7368.jpg,misc
image476.jpg,Food
image3695.jpg,misc
image7845.jpg,misc
image3256.jpg,misc
image7168.jpg,Food
image9061.jpg,misc
image3908.jpg,Food
image7595.jpg,Food
image3883.jpg,Food
image4839.jpg,Food
image1152.jpg,Food
image393.jpg,Food
image675.jpg,misc
image7312.jpg,Food
image8410.jpg,Decorationandsignage
image9789.jpg,Food
image2595.jpg,Food
image9221.jpg,Attire
image7929.jpg,Decorationandsignage
image9492.jpg,Attire
image9388.jpg,Food
image10433.jpg,Food
image5595.jpg,Food
image7434.jpg,Food
image9362.jpg,Attire
image9346.jpg,Decorationandsignage
image6659.jpg,Attire
image7576.jpg,Food
image2759.jpg,Decorationandsignage
image1512.jpg,Decorationandsignage
image8242.jpg,misc
image2432.jpg,Attire
image1361.jpg,Food
image2091.jpg,misc
image6581.jpg,Food
image5385.jpg,Food
image2435.jpg,Food
image3085.jpg,misc
image9244.jpg,Decorationandsignage
image5102.jpg,Attire
image3063.jpg,Food
image6467.jpg,Attire
image4918.jpg,Food
image578.jpg,Attire
image7939.jpg,Decorationandsignage
image5248.jpg,Food
image4645.jpg,Food
image10859.jpg,Attire
image7742.jpg,Food
image10366.jpg,Food
image9765.jpg,Food
image9238.jpg,Attire
image7857.jpg,Food
image1240.jpg,Decorationandsignage
image8123.jpg,Attire
image10304.jpg,Attire
image4722.jpg,Food
image6515.jpg,misc
image7727.jpg,Attire
image5253.jpg,Decorationandsignage
image8843.jpg,Food
image9996.jpg,Attire
image3671.jpg,Attire
image5477.jpg,misc
image8049.jpg,Attire
image3948.jpg,Food
image2938.jpg,Decorationandsignage
image974.jpg,Food
image4635.jpg,Attire
image4113.jpg,Attire
image4811.jpg,Attire
image6062.jpg,Attire
image2823.jpg,Food
image9168.jpg,Food
image2149.jpg,Attire
image6237.jpg,Attire
image5350.jpg,Attire
image10166.jpg,Attire
image1603.jpg,Food
image3198.jpg,Attire
image5806.jpg,Attire
image8601.jpg,misc
image4070.jpg,Food
image7146.jpg,Food
image8820.jpg,Attire
image6830.jpg,Food
image7457.jpg,Food
image917.jpg,Attire
image8878.jpg,Food
image2894.jpg,Attire
image8755.jpg,Decorationandsignage
image8217.jpg,Attire
image10292.jpg,Food
image9911.jpg,Attire
image4697.jpg,misc
image9786.jpg,Food
image5355.jpg,Attire
image3001.jpg,Attire
image7922.jpg,Food
image3850.jpg,Food
image2773.jpg,Attire
image9296.jpg,Food
image9654.jpg,Food
image5958.jpg,misc
image7994.jpg,Decorationandsignage
image10700.jpg,Food
image4791.jpg,Attire
image9423.jpg,Food
image4984.jpg,Food
image8742.jpg,Food
image3227.jpg,Food
image1121.jpg,Attire
image9557.jpg,Food
image5867.jpg,Decorationandsignage
image7264.jpg,Attire
image82.jpg,Food
image2226.jpg,misc
image6487.jpg,Food
image1202.jpg,Attire
image2465.jpg,Decorationandsignage
image3124.jpg,Food
image10201.jpg,Attire
image457.jpg,Food
image9449.jpg,misc
image3653.jpg,Attire
image4375.jpg,Attire
image8980.jpg,Food
image2292.jpg,Food
image4513.jpg,Decorationandsignage
image8710.jpg,misc
image5016.jpg,Decorationandsignage
image9748.jpg,Attire
image5256.jpg,Food
image8312.jpg,Food
image5632.jpg,Attire
image8105.jpg,Attire
image1284.jpg,Food
image7303.jpg,Decorationandsignage
image282.jpg,Attire
image9112.jpg,Attire
image597.jpg,Food
image3566.jpg,misc
image5083.jpg,Food
image9746.jpg,Food
image10072.jpg,Food
image1318.jpg,Decorationandsignage
image5213.jpg,Decorationandsignage
image5362.jpg,Food
image5234.jpg,Food
image7247.jpg,Attire
image6125.jpg,Attire
image4569.jpg,Food
image9010.jpg,Attire
image2279.jpg,misc
image7412.jpg,Attire
image6559.jpg,Decorationandsignage
image455.jpg,Attire
image8894.jpg,Food
image3367.jpg,misc
image5736.jpg,Decorationandsignage
image350.jpg,misc
image5057.jpg,Attire
image3625.jpg,Decorationandsignage
image1920.jpg,Food
image6692.jpg,Food
image114.jpg,Attire
image7115.jpg,misc
image7435.jpg,Attire
image736.jpg,Food
image1053.jpg,misc
image6728.jpg,Food
image8227.jpg,Attire
image7719.jpg,Food
image5621.jpg,Attire
image2428.jpg,Attire
image389.jpg,Decorationandsignage
image10491.jpg,Attire
image10780.jpg,Decorationandsignage
image8024.jpg,misc
image9249.jpg,misc
image5716.jpg,Attire
image3437.jpg,Decorationandsignage
image6943.jpg,Food
image10739.jpg,misc
image3472.jpg,misc
image10486.jpg,misc
image5783.jpg,misc
image10164.jpg,Food
image3996.jpg,Decorationandsignage
image6422.jpg,Food
image8232.jpg,Food
image1902.jpg,misc
image8672.jpg,misc
image1410.jpg,Decorationandsignage
image10408.jpg,Food
image10114.jpg,Food
image1330.jpg,Food
image10314.jpg,Food
image7304.jpg,Food
image10219.jpg,Food
image1964.jpg,Decorationandsignage
image6242.jpg,Food
image6869.jpg,Attire
image1247.jpg,Decorationandsignage
image4278.jpg,Decorationandsignage
image4481.jpg,misc
image7815.jpg,misc
image2876.jpg,Food
image8673.jpg,Food
image1385.jpg,Food
image1961.jpg,Food
image1323.jpg,Food
image3501.jpg,Food
image3062.jpg,misc
image660.jpg,misc
image4938.jpg,Attire
image6400.jpg,misc
image3552.jpg,misc
image8620.jpg,Food
image3082.jpg,Food
image4376.jpg,Food
image6056.jpg,Food
image4519.jpg,misc
image3271.jpg,Attire
image9670.jpg,Attire
image1829.jpg,Attire
image2360.jpg,Decorationandsignage
image1826.jpg,Food
image10228.jpg,Food
image10142.jpg,Food
image9420.jpg,Food
image2640.jpg,Attire
image9846.jpg,misc
image3006.jpg,misc
image6737.jpg,Decorationandsignage
image1057.jpg,Decorationandsignage
image9921.jpg,Attire
image9170.jpg,Food
image1831.jpg,misc
image5552.jpg,Attire
image9664.jpg,Attire
image682.jpg,Decorationandsignage
image4465.jpg,misc
image9350.jpg,Decorationandsignage
image10241.jpg,Attire
image2343.jpg,Attire
image8018.jpg,Food
image4799.jpg,Food
image5730.jpg,Food
image5899.jpg,Food
image10468.jpg,Decorationandsignage
image935.jpg,misc
image7582.jpg,Food
image10010.jpg,Food
image10539.jpg,Food
image2748.jpg,Food
image4030.jpg,Attire
image8274.jpg,Attire
image6698.jpg,Food
image2274.jpg,Food
image3689.jpg,Food
image3428.jpg,Attire
image4211.jpg,Food
image5215.jpg,Decorationandsignage
image5137.jpg,misc
image6646.jpg,Attire
image1277.jpg,Food
image2702.jpg,Food
image6586.jpg,Decorationandsignage
image1797.jpg,misc
image8726.jpg,Attire
image2762.jpg,Decorationandsignage
image5019.jpg,Attire
image2038.jpg,Food
image6359.jpg,Food
image5734.jpg,misc
image6738.jpg,Food
image9123.jpg,Food
image3595.jpg,Attire
image896.jpg,Decorationandsignage
image119.jpg,misc
image5026.jpg,Food
image7345.jpg,Food
image2505.jpg,Decorationandsignage
image2233.jpg,Attire
image5944.jpg,Attire
image5423.jpg,Attire
image8147.jpg,Food
image8440.jpg,Attire
image8678.jpg,Decorationandsignage
image7624.jpg,Food
image2165.jpg,Decorationandsignage
image4977.jpg,Food
image2730.jpg,Food
image8664.jpg,Food
image7330.jpg,Decorationandsignage
image6851.jpg,Food
image473.jpg,Food
image8268.jpg,Decorationandsignage
image6266.jpg,Decorationandsignage
image2253.jpg,Food
image3307.jpg,Decorationandsignage
image4245.jpg,Decorationandsignage
image8389.jpg,misc
image6634.jpg,misc
image5377.jpg,Food
image2639.jpg,misc
image9259.jpg,misc
image7841.jpg,misc
image5741.jpg,misc
image3714.jpg,Decorationandsignage
image5044.jpg,Decorationandsignage
image10182.jpg,Food
image7178.jpg,Food
image8889.jpg,Food
image108.jpg,misc
image1335.jpg,Attire
image3221.jpg,Decorationandsignage
image10053.jpg,Food
image545.jpg,Food
image4877.jpg,Food
image1351.jpg,Decorationandsignage
image3434.jpg,Attire
image4931.jpg,misc
image9655.jpg,misc
image1163.jpg,misc
image5921.jpg,misc
image218.jpg,Attire
image8028.jpg,misc
image5773.jpg,Food
image2552.jpg,misc
image6073.jpg,Attire
image4128.jpg,misc
image3399.jpg,misc
image8780.jpg,Decorationandsignage
image8288.jpg,Food
image1312.jpg,misc
image2728.jpg,misc
image5466.jpg,Attire
image2891.jpg,Food
image6623.jpg,Food
image3233.jpg,misc
image8826.jpg,Decorationandsignage
image3142.jpg,Decorationandsignage
image8528.jpg,Food
image5032.jpg,Food
image3166.jpg,Attire
image2711.jpg,Attire
image4056.jpg,Attire
image1328.jpg,Decorationandsignage
image100.jpg,Food
image4754.jpg,misc
image4392.jpg,Attire
image4434.jpg,Food
image8856.jpg,Food
image10427.jpg,misc
image5226.jpg,misc
image8104.jpg,misc
image4724.jpg,misc
image7633.jpg,Food
image1168.jpg,misc
image4786.jpg,Food
image8011.jpg,misc
image8417.jpg,Food
image7090.jpg,Food
image2742.jpg,misc
image9836.jpg,Food
image2152.jpg,Food
image9057.jpg,Attire
image2445.jpg,Decorationandsignage
image2440.jpg,misc
image4770.jpg,Decorationandsignage
image4480.jpg,Attire
image10357.jpg,Food
image4556.jpg,Decorationandsignage
image3835.jpg,Attire
image10367.jpg,Attire
image5435.jpg,Food
image390.jpg,Food
image2666.jpg,misc
image6566.jpg,Food
image7418.jpg,Food
image7730.jpg,misc
image4740.jpg,Attire
image3026.jpg,Attire
image7839.jpg,Attire
image8613.jpg,Food
image5270.jpg,Food
image4691.jpg,misc
image5623.jpg,misc
image5711.jpg,Attire
image824.jpg,misc
image8497.jpg,Food
image7446.jpg,Food
image5170.jpg,Attire
image5244.jpg,Attire
image5275.jpg,Food
image8724.jpg,Food
image9345.jpg,Food
image9404.jpg,misc
image2750.jpg,Attire
image1643.jpg,Food
image1649.jpg,Decorationandsignage
image2932.jpg,Decorationandsignage
image9505.jpg,misc
image7172.jpg,Food
image8711.jpg,misc
image238.jpg,Food
image143.jpg,Food
image10568.jpg,misc
image2386.jpg,Attire
image8567.jpg,Food
image6931.jpg,Decorationandsignage
image294.jpg,Attire
image1165.jpg,Food
image5996.jpg,misc
image8948.jpg,Attire
image7751.jpg,Food
image7620.jpg,Attire
image2520.jpg,Attire
image9887.jpg,Decorationandsignage
image2024.jpg,Decorationandsignage
image6305.jpg,misc
image6000.jpg,Attire
image1994.jpg,misc
image7086.jpg,Food
image10365.jpg,Food
image4311.jpg,Food
image7338.jpg,Attire
image9769.jpg,misc
image571.jpg,Food
image10028.jpg,Decorationandsignage
image4237.jpg,Attire
image3728.jpg,Food
image2422.jpg,Attire
image9222.jpg,Food
image4393.jpg,Attire
image5645.jpg,Decorationandsignage
image8339.jpg,Attire
image2410.jpg,Food
image3248.jpg,Decorationandsignage
image1058.jpg,misc
image410.jpg,Decorationandsignage
image5468.jpg,Food
image9085.jpg,Food
image6324.jpg,misc
image3301.jpg,Food
image6908.jpg,Food
image9429.jpg,Food
image126.jpg,Decorationandsignage
image9939.jpg,Food
image6839.jpg,Attire
image1501.jpg,Food
image7062.jpg,Attire
image5050.jpg,Food
image2184.jpg,misc
image5176.jpg,Food
image2045.jpg,Food
image2111.jpg,Decorationandsignage
image10073.jpg,misc
image6191.jpg,misc
image10688.jpg,misc
image3616.jpg,misc
image3215.jpg,Decorationandsignage
image7517.jpg,Food
image8107.jpg,Food
image6257.jpg,Decorationandsignage
image4448.jpg,Attire
image3410.jpg,Attire
image7148.jpg,Attire
image2910.jpg,Decorationandsignage
image7632.jpg,Decorationandsignage
image2148.jpg,Decorationandsignage
image8549.jpg,Food
image10294.jpg,Attire
image9523.jpg,Food
image6678.jpg,misc
image8279.jpg,Food
image6021.jpg,Food
image7326.jpg,Food
image8077.jpg,Decorationandsignage
image206.jpg,misc
image6202.jpg,Attire
image2633.jpg,Attire
image4860.jpg,Food
image6264.jpg,Food
image7164.jpg,Food
image5725.jpg,Food
image10224.jpg,misc
image5592.jpg,Food
image6236.jpg,Decorationandsignage
image3745.jpg,misc
image8472.jpg,misc
image2918.jpg,Decorationandsignage
image3357.jpg,Attire
image6439.jpg,Attire
image5767.jpg,Food
image6549.jpg,Attire
image3250.jpg,Food
image3935.jpg,misc
image4983.jpg,Food
image9705.jpg,Attire
image7487.jpg,Food
image6766.jpg,Attire
image8544.jpg,Food
image1355.jpg,Attire
image5782.jpg,Attire
image1024.jpg,Food
image9109.jpg,misc
image580.jpg,Attire
image3299.jpg,misc
image1432.jpg,Decorationandsignage
image1926.jpg,Attire
image5357.jpg,misc
image1958.jpg,misc
image8489.jpg,Attire
image2764.jpg,Food
image8187.jpg,Decorationandsignage
image792.jpg,Food
image1231.jpg,Attire
image5140.jpg,Food
image5049.jpg,Food
image9525.jpg,misc
image6431.jpg,Attire
image662.jpg,Attire
image7324.jpg,Decorationandsignage
image3762.jpg,Food
image5987.jpg,Attire
image7498.jpg,Attire
image7539.jpg,Attire
image5356.jpg,Food
image9749.jpg,Food
image9081.jpg,Attire
image7545.jpg,Food
image8264.jpg,misc
image3005.jpg,Food
image7182.jpg,Food
image9561.jpg,Attire
image7405.jpg,Decorationandsignage
image3999.jpg,Attire
image3579.jpg,misc
image2503.jpg,Attire
image3888.jpg,Food
image3032.jpg,Food
image8754.jpg,misc
image2167.jpg,Food
image8681.jpg,Food
image9995.jpg,Decorationandsignage
image8623.jpg,misc
image3335.jpg,Food
image1609.jpg,Food
image1654.jpg,Decorationandsignage
image10477.jpg,misc
image9319.jpg,Food
image2736.jpg,Attire
image6916.jpg,Attire
image1969.jpg,misc
image3096.jpg,Attire
image9330.jpg,Attire
image3691.jpg,misc
image9986.jpg,Food
image10469.jpg,Decorationandsignage
image7410.jpg,Food
image7123.jpg,misc
image5482.jpg,misc
image444.jpg,Food
image4478.jpg,Attire
image10889.jpg,misc
image3289.jpg,Food
image6129.jpg,Food
image631.jpg,Decorationandsignage
image8841.jpg,Attire
image8610.jpg,misc
image3951.jpg,misc
image7868.jpg,Food
image2320.jpg,Attire
image10591.jpg,Attire
image6734.jpg,Food
image8205.jpg,Food
image2870.jpg,misc
image7528.jpg,Attire
image2359.jpg,Food
image9372.jpg,Attire
image1804.jpg,Food
image10749.jpg,Decorationandsignage
image5862.jpg,misc
image8164.jpg,Decorationandsignage
image6548.jpg,Food
image5111.jpg,Food
image9745.jpg,misc
image4838.jpg,Decorationandsignage
image1540.jpg,Attire
image10645.jpg,Food
image7847.jpg,Food
image9782.jpg,Decorationandsignage
image9977.jpg,Attire
image10634.jpg,misc
image6498.jpg,Attire
image9461.jpg,Decorationandsignage
image7709.jpg,Attire
image7127.jpg,Attire
image9118.jpg,Decorationandsignage
image6170.jpg,Attire
image5245.jpg,Food
image9482.jpg,misc
image7315.jpg,Attire
image3491.jpg,Attire
image9709.jpg,Attire
image2846.jpg,Attire
image6733.jpg,Food
image5460.jpg,Food
image4043.jpg,misc
image9533.jpg,Decorationandsignage
image8824.jpg,Attire
image4861.jpg,misc
image9508.jpg,Food
image1556.jpg,misc
image1049.jpg,misc
image803.jpg,Food
image1087.jpg,misc
image3627.jpg,Decorationandsignage
image8127.jpg,Food
image9577.jpg,Attire
image10819.jpg,Decorationandsignage
image10230.jpg,Attire
image7740.jpg,Attire
image5130.jpg,Food
image7241.jpg,Decorationandsignage
image6336.jpg,Attire
image9105.jpg,Decorationandsignage
image9308.jpg,misc
image6470.jpg,misc
image7951.jpg,misc
image4766.jpg,Food
image4742.jpg,Food
image938.jpg,Attire
image7296.jpg,Food
image3829.jpg,Food
image3684.jpg,misc
image895.jpg,Food
image226.jpg,Attire
image7564.jpg,Food
image10074.jpg,Attire
image40.jpg,misc
image8737.jpg,Food
image3243.jpg,Food
image1553.jpg,Food
image5822.jpg,Attire
image9271.jpg,Food
image488.jpg,Food
image10752.jpg,Attire
image2873.jpg,Food
image3989.jpg,Decorationandsignage
image2133.jpg,Attire
image9481.jpg,Food
image2243.jpg,Food
image1243.jpg,Attire
image4775.jpg,Decorationandsignage
image8600.jpg,misc
image10416.jpg,Attire
image710.jpg,Attire
image665.jpg,Food
image10772.jpg,Food
image10804.jpg,Attire
image4819.jpg,Attire
image6352.jpg,Decorationandsignage
image7509.jpg,Attire
image1035.jpg,Food
image6520.jpg,Attire
image3094.jpg,Decorationandsignage
image1523.jpg,Food
image7944.jpg,Food
image10867.jpg,Attire
image1874.jpg,misc
image5399.jpg,Decorationandsignage
image8156.jpg,Attire
image5854.jpg,Attire
image4342.jpg,Attire
image4220.jpg,Food
image10457.jpg,Food
image4401.jpg,Food
image107.jpg,Decorationandsignage
image6622.jpg,misc
image2423.jpg,misc
image3511.jpg,Food
image1525.jpg,Decorationandsignage
image9661.jpg,misc
image4468.jpg,misc
image10261.jpg,Food
image5324.jpg,misc
image6419.jpg,misc
image4924.jpg,Attire
image1618.jpg,misc
image10065.jpg,Attire
image1359.jpg,Food
image8763.jpg,Attire
image10040.jpg,misc
image6163.jpg,Food
image8538.jpg,Attire
image5654.jpg,Food
image6260.jpg,Attire
image705.jpg,Decorationandsignage
image3615.jpg,misc
image5427.jpg,Food
image1362.jpg,misc
image10746.jpg,misc
image6833.jpg,Food
image4008.jpg,Attire
image9729.jpg,Attire
image2154.jpg,Food
image10697.jpg,Food
image1267.jpg,Decorationandsignage
image2129.jpg,Decorationandsignage
image7658.jpg,Food
image4867.jpg,Decorationandsignage
image10835.jpg,Food
image2884.jpg,misc
image9686.jpg,Attire
image10376.jpg,Food
image4225.jpg,Food
image7995.jpg,misc
image5227.jpg,Food
image10737.jpg,Decorationandsignage
image8760.jpg,Decorationandsignage
image176.jpg,Attire
image6094.jpg,Food
image2137.jpg,misc
image411.jpg,Attire
image6153.jpg,Food
image8782.jpg,Food
image10064.jpg,Attire
image2425.jpg,Food
image956.jpg,misc
image394.jpg,Food
image3234.jpg,Food
image9351.jpg,Attire
image1846.jpg,Decorationandsignage
image8517.jpg,misc
image6871.jpg,Food
image1236.jpg,Food
image3668.jpg,Attire
image8282.jpg,Decorationandsignage
image3353.jpg,Attire
image7540.jpg,Food
image7536.jpg,misc
image3055.jpg,Attire
image8874.jpg,misc
image130.jpg,misc
image4412.jpg,Attire
image3830.jpg,misc
image5634.jpg,Food
image9853.jpg,misc
image8204.jpg,Decorationandsignage
image6998.jpg,misc
image7927.jpg,misc
image5152.jpg,Decorationandsignage
image9553.jpg,misc
image10388.jpg,Decorationandsignage
image10670.jpg,Decorationandsignage
image6193.jpg,Attire
image5097.jpg,Food
image8653.jpg,misc
image154.jpg,misc
image9889.jpg,Food
image2058.jpg,Food
image9867.jpg,Food
image10447.jpg,Attire
image5045.jpg,Attire
image4253.jpg,Attire
image8530.jpg,Decorationandsignage
image2875.jpg,Food
image8967.jpg,misc
image3196.jpg,Food
image10079.jpg,Food
image3975.jpg,misc
image6631.jpg,misc
image6016.jpg,misc
image6791.jpg,misc
image7888.jpg,Food
image4807.jpg,Food
image3777.jpg,Attire
image4712.jpg,Decorationandsignage
image10520.jpg,misc
image2977.jpg,Food
image7083.jpg,misc
image9343.jpg,Food
image6979.jpg,Food
image386.jpg,Decorationandsignage
image5486.jpg,Decorationandsignage
image5361.jpg,misc
image8730.jpg,Food
image3023.jpg,Food
image8584.jpg,Food
image3246.jpg,Food
image878.jpg,Decorationandsignage
image10105.jpg,Decorationandsignage
image6619.jpg,Food
image4382.jpg,Attire
image7903.jpg,Food
image9589.jpg,Food
image3961.jpg,Attire
image7659.jpg,misc
image4639.jpg,Food
image152.jpg,Food
image9790.jpg,Decorationandsignage
image2354.jpg,Decorationandsignage
image8652.jpg,Attire
image5124.jpg,Food
image8656.jpg,Food
image589.jpg,Food
image9866.jpg,Decorationandsignage
image9495.jpg,Food
image9966.jpg,Food
image5682.jpg,Food
image8169.jpg,Food
image7768.jpg,Food
image10099.jpg,Decorationandsignage
image1516.jpg,misc
image7198.jpg,Attire
image1791.jpg,Food
image1346.jpg,Attire
image4073.jpg,Food
image10682.jpg,Attire
image22.jpg,misc
image2317.jpg,Food
image3173.jpg,Attire
image8998.jpg,Food
image4183.jpg,Food
image6984.jpg,Food
image7667.jpg,Decorationandsignage
image6014.jpg,Food
image2956.jpg,Decorationandsignage
image2216.jpg,misc
image5364.jpg,Attire
image4212.jpg,Decorationandsignage
image8604.jpg,Attire
image6920.jpg,Food
image5813.jpg,Attire
image2953.jpg,Attire
image8358.jpg,Food
image3527.jpg,Food
image2325.jpg,Attire
image8245.jpg,Food
image1856.jpg,Food
image10406.jpg,Attire
image3015.jpg,misc
image10451.jpg,Attire
image7163.jpg,Food
image1565.jpg,Attire
image2509.jpg,Food
image3279.jpg,Food
image1103.jpg,Attire
image6759.jpg,Attire
image3153.jpg,Food
image7965.jpg,Attire
image8039.jpg,Food
image9120.jpg,Food
image5264.jpg,misc
image8462.jpg,Food
image2344.jpg,misc
image3766.jpg,Attire
image4567.jpg,misc
image10654.jpg,Attire
image3896.jpg,Food
image9349.jpg,Food
image905.jpg,Food
image3431.jpg,misc
image6929.jpg,Decorationandsignage
image7400.jpg,Food
image10394.jpg,Attire
image7663.jpg,Attire
image7199.jpg,Attire
image10194.jpg,Attire
image7604.jpg,Food
image4205.jpg,Decorationandsignage
image2400.jpg,misc
image8397.jpg,misc
image10200.jpg,Attire
image8566.jpg,misc
image6508.jpg,misc
image2722.jpg,Food
image1962.jpg,Decorationandsignage
image1629.jpg,Food
image10421.jpg,misc
image3423.jpg,Decorationandsignage
image7482.jpg,Food
image8299.jpg,Food
image8003.jpg,Decorationandsignage
image4093.jpg,Decorationandsignage
image459.jpg,Attire
image9542.jpg,misc
image4506.jpg,Decorationandsignage
image5772.jpg,misc
image4445.jpg,Decorationandsignage
image1223.jpg,Decorationandsignage
image364.jpg,Food
image9549.jpg,Attire
image6185.jpg,Attire
image9261.jpg,Food
image6039.jpg,Attire
image1013.jpg,Decorationandsignage
image8865.jpg,misc
image10860.jpg,Decorationandsignage
image8708.jpg,Food
image7895.jpg,Attire
image10497.jpg,Food
image7118.jpg,Attire
image7826.jpg,Decorationandsignage
image5135.jpg,Food
image3574.jpg,Food
image9037.jpg,Food
image4134.jpg,misc
image7649.jpg,Food
image7693.jpg,Attire
image9575.jpg,Attire
image4231.jpg,Food
image2518.jpg,Food
image5926.jpg,misc
image6272.jpg,Attire
image10076.jpg,Food
image4173.jpg,Food
image9333.jpg,Attire
image9119.jpg,Food
image3368.jpg,Food
image8482.jpg,misc
image2619.jpg,Attire
image5839.jpg,Decorationandsignage
image6230.jpg,Food
image10618.jpg,Decorationandsignage
image5407.jpg,Attire
image9858.jpg,Food
image7040.jpg,misc
image7805.jpg,Decorationandsignage
image10604.jpg,misc
image6618.jpg,Food
image10529.jpg,Food
image156.jpg,misc
image8758.jpg,Food
image2548.jpg,misc
image255.jpg,Attire
image10452.jpg,Food
image9518.jpg,Food
image3320.jpg,Attire
image241.jpg,Decorationandsignage
image8838.jpg,Food
image4431.jpg,misc
image3411.jpg,Food
image5728.jpg,misc
image209.jpg,Attire
image4223.jpg,Attire
image8220.jpg,Attire
image6855.jpg,Attire
image5674.jpg,Food
image5627.jpg,Attire
image5425.jpg,misc
image2479.jpg,misc
image9811.jpg,Decorationandsignage
image7499.jpg,Food
image1490.jpg,Attire
image4913.jpg,Food
image5420.jpg,Attire
image6608.jpg,Decorationandsignage
image2690.jpg,Food
image4250.jpg,misc
image9724.jpg,Food
image6744.jpg,Food
image8956.jpg,Food
image3721.jpg,Attire
image6684.jpg,Food
image6493.jpg,Food
image10764.jpg,Decorationandsignage
image8700.jpg,misc
image9999.jpg,Attire
image4303.jpg,Food
image3278.jpg,Food
image9721.jpg,misc
image808.jpg,Food
image6294.jpg,Attire
image4597.jpg,Food
image564.jpg,Attire
image6792.jpg,misc
image4781.jpg,Decorationandsignage
image6526.jpg,Food
image4340.jpg,Decorationandsignage
image3561.jpg,Decorationandsignage
image3058.jpg,Attire
image10062.jpg,Food
image4034.jpg,misc
image6095.jpg,Food
image8629.jpg,misc
image2130.jpg,Decorationandsignage
image1492.jpg,Food
image5677.jpg,misc
image6784.jpg,Attire
image2368.jpg,Food
image7699.jpg,Food
image6793.jpg,Food
image5143.jpg,Attire
image9049.jpg,misc
image2919.jpg,Attire
image5299.jpg,Attire
image9036.jpg,Attire
image10051.jpg,Decorationandsignage
image5596.jpg,misc
image3734.jpg,Food
image3329.jpg,Food
image1788.jpg,Decorationandsignage
image5577.jpg,misc
image10249.jpg,Food
image10505.jpg,Attire
image1478.jpg,misc
image3720.jpg,Decorationandsignage
image2665.jpg,Decorationandsignage
image6083.jpg,Attire
image6877.jpg,Food
image1077.jpg,Food
image5041.jpg,misc
image10624.jpg,Food
image7808.jpg,Decorationandsignage
image5123.jpg,Food
image4625.jpg,Attire
image1822.jpg,Food
image3150.jpg,Attire
image9269.jpg,Decorationandsignage
image1576.jpg,Food
image1250.jpg,Attire
image4152.jpg,Food
image4547.jpg,Food
image4900.jpg,Decorationandsignage
image9547.jpg,Decorationandsignage
image132.jpg,Food
image4038.jpg,Food
image10671.jpg,Food
image2544.jpg,Food
image2814.jpg,Attire
image1644.jpg,Food
image5411.jpg,Food
image5107.jpg,misc
image4654.jpg,Attire
image7957.jpg,Food
image323.jpg,misc
image7029.jpg,Decorationandsignage
image4704.jpg,Food
image4323.jpg,misc
image7892.jpg,misc
image7631.jpg,Food
image8110.jpg,Attire
image10524.jpg,Food
image4863.jpg,Food
image6789.jpg,Food
image5084.jpg,Attire
image8094.jpg,Food
image4475.jpg,Attire
image5555.jpg,Attire
image9127.jpg,Decorationandsignage
image7485.jpg,Decorationandsignage
image7685.jpg,Food
image5171.jpg,Food
image3964.jpg,Decorationandsignage
image4381.jpg,Decorationandsignage
image6702.jpg,misc
image4596.jpg,misc
image6212.jpg,misc
image4160.jpg,misc
image5169.jpg,misc
image10050.jpg,Attire
image7989.jpg,Decorationandsignage
image8864.jpg,Attire
image10379.jpg,Attire
image6423.jpg,misc
image8017.jpg,Food
image5250.jpg,Attire
image9448.jpg,Attire
image1993.jpg,Attire
image9183.jpg,Food
image8790.jpg,Food
image7646.jpg,Attire
image3661.jpg,Decorationandsignage
image2430.jpg,misc
image6267.jpg,misc
image9780.jpg,Food
image1552.jpg,Attire
image10643.jpg,Food
image3494.jpg,Decorationandsignage
image4782.jpg,Decorationandsignage
image8327.jpg,Food
image7793.jpg,Food
image4986.jpg,Attire
image951.jpg,Decorationandsignage
image2634.jpg,Attire
image5876.jpg,misc
image2096.jpg,Attire
image5030.jpg,Attire
image3228.jpg,misc
image9341.jpg,misc
image4767.jpg,Attire
image2333.jpg,Food
image3560.jpg,Food
image9462.jpg,Food
image8800.jpg,Decorationandsignage
image9881.jpg,Attire
image5271.jpg,Food
image2467.jpg,Food
image6020.jpg,Food
image3652.jpg,Food
image3270.jpg,Decorationandsignage
image9029.jpg,Attire
image689.jpg,Food
image9989.jpg,Attire
image2280.jpg,Decorationandsignage
image6513.jpg,Food
image8988.jpg,misc
image3388.jpg,misc
image6666.jpg,Decorationandsignage
image9193.jpg,misc
image7154.jpg,misc
image4135.jpg,Decorationandsignage
image846.jpg,Decorationandsignage
image10590.jpg,Food
image3895.jpg,Attire
image8427.jpg,Food
image5541.jpg,Attire
image10407.jpg,Food
image7403.jpg,Food
image3014.jpg,Attire
image7791.jpg,misc
image4640.jpg,Food
image6079.jpg,Decorationandsignage
image5737.jpg,Decorationandsignage
image8490.jpg,misc
image6009.jpg,misc
image10246.jpg,Food
image2281.jpg,Food
image6138.jpg,Attire
image10340.jpg,Attire
image8342.jpg,Food
image8422.jpg,Decorationandsignage
image2989.jpg,Food
image9767.jpg,Food
image10300.jpg,Attire
image8468.jpg,Attire
image2278.jpg,misc
image10760.jpg,Attire
image7289.jpg,Food
image8333.jpg,Food
image1449.jpg,Food
image1985.jpg,Food
image10319.jpg,Decorationandsignage
image3872.jpg,Attire
image1768.jpg,misc
image4906.jpg,Food
image1815.jpg,Attire
image6890.jpg,Decorationandsignage
image3216.jpg,misc
image6858.jpg,Decorationandsignage
image3239.jpg,misc
image9774.jpg,Attire
image5729.jpg,Attire
image953.jpg,Attire
image5433.jpg,Decorationandsignage
image3864.jpg,Decorationandsignage
image1775.jpg,Food
image1306.jpg,Decorationandsignage
image9806.jpg,Attire
image2772.jpg,misc
image9175.jpg,misc
image1477.jpg,Attire
image10102.jpg,Attire
image6880.jpg,Food
image10537.jpg,Attire
image8660.jpg,Food
image9791.jpg,Food
image4440.jpg,Attire
image6232.jpg,Decorationandsignage
image3092.jpg,Food
image8087.jpg,Food
image490.jpg,Food
image10103.jpg,Food
image6903.jpg,Attire
image5927.jpg,misc
image10001.jpg,Food
image6510.jpg,Food
image8930.jpg,Food
image548.jpg,Food
image10252.jpg,Decorationandsignage
image9407.jpg,Attire
image7420.jpg,Food
image8016.jpg,misc
image6142.jpg,misc
image7195.jpg,Food
image7208.jpg,Food
image1050.jpg,misc
image5177.jpg,misc
image9923.jpg,Food
image759.jpg,Decorationandsignage
image5149.jpg,Attire
image5648.jpg,Food
image7399.jpg,Attire
image5969.jpg,misc
image9436.jpg,Food
image10871.jpg,Attire
image6762.jpg,misc
image10622.jpg,Attire
image3867.jpg,Decorationandsignage
image8785.jpg,Attire
image1118.jpg,Attire
image2507.jpg,Food
image8267.jpg,Food
image3176.jpg,Decorationandsignage
image964.jpg,Food
image1662.jpg,misc
image9004.jpg,misc
image3086.jpg,Decorationandsignage
image1943.jpg,Decorationandsignage
image2995.jpg,Attire
image6807.jpg,misc
image3776.jpg,misc
image3429.jpg,Attire
image10846.jpg,Decorationandsignage
image7873.jpg,Food
image2834.jpg,Attire
image3426.jpg,misc
image2653.jpg,Attire
image1650.jpg,Food
image7437.jpg,Attire
image1054.jpg,Food
image4373.jpg,Decorationandsignage
image8090.jpg,Food
image6912.jpg,Decorationandsignage
image7516.jpg,Attire
image10725.jpg,Decorationandsignage
image1391.jpg,Attire
image5476.jpg,Decorationandsignage
image1886.jpg,Food
image10324.jpg,Decorationandsignage
image6864.jpg,Food
image6671.jpg,Food
image5880.jpg,Attire
image7752.jpg,misc
image7736.jpg,Attire
image197.jpg,Food
image4330.jpg,misc
image10721.jpg,Food
image8525.jpg,Food
image8572.jpg,misc
image8136.jpg,Attire
image7193.jpg,misc
image2217.jpg,Food
image5181.jpg,Decorationandsignage
image10740.jpg,Food
image452.jpg,Attire
image8027.jpg,Food
image10607.jpg,Food
image4666.jpg,Decorationandsignage
image1342.jpg,Food
image6124.jpg,Attire
image7992.jpg,Attire
image636.jpg,Attire
image10370.jpg,Food
image5182.jpg,Attire
image6613.jpg,misc
image9805.jpg,Food
image4063.jpg,Decorationandsignage
image7963.jpg,Food
image4100.jpg,Attire
image2960.jpg,Attire
image10461.jpg,misc
image7812.jpg,Attire
image4054.jpg,Attire
image6820.jpg,Decorationandsignage
image8917.jpg,Food
image3798.jpg,Attire
image7440.jpg,Decorationandsignage
image6278.jpg,Attire
image8053.jpg,Attire
image4772.jpg,Food
image7287.jpg,Decorationandsignage
image10146.jpg,Attire
image8625.jpg,Food
image10082.jpg,misc
image8439.jpg,Attire
image9562.jpg,Attire
image6517.jpg,Food
image5272.jpg,Food
image5638.jpg,Attire
image314.jpg,misc
image8827.jpg,misc
image2220.jpg,misc
image8201.jpg,Food
image10049.jpg,Food
image4057.jpg,Food
image1897.jpg,Food
image1079.jpg,Food
image10302.jpg,Food
image2118.jpg,Decorationandsignage
image7417.jpg,Food
image9808.jpg,misc
image8086.jpg,Attire
image5310.jpg,Attire
image6629.jpg,Food
image3192.jpg,Attire
image7599.jpg,Food
image6614.jpg,misc
image8175.jpg,Decorationandsignage
image7295.jpg,Attire
image2815.jpg,Decorationandsignage
image4181.jpg,Attire
image8723.jpg,Decorationandsignage
image4456.jpg,misc
image10789.jpg,Attire
image1248.jpg,Decorationandsignage
image10541.jpg,Attire
image9753.jpg,Attire
image10426.jpg,misc
image743.jpg,Food
image6239.jpg,Attire
image3112.jpg,Attire
image9936.jpg,Food
image4800.jpg,Decorationandsignage
image6521.jpg,Attire
image9599.jpg,Attire
image9885.jpg,misc
image10474.jpg,Food
image2510.jpg,Attire
image4853.jpg,Food
image8059.jpg,Food
image7431.jpg,Food
image4919.jpg,Attire
image6992.jpg,misc
image2497.jpg,misc
image5935.jpg,Food
image712.jpg,Attire
image518.jpg,Food
image4851.jpg,Decorationandsignage
image10648.jpg,Food
image5198.jpg,Attire
image7886.jpg,Food
image5246.jpg,Food
image8612.jpg,misc
image1466.jpg,Attire
image1258.jpg,misc
image5637.jpg,Food
image6048.jpg,Attire
image9090.jpg,misc
image10183.jpg,Decorationandsignage
image1580.jpg,Food
image10420.jpg,misc
image9097.jpg,Food
image9524.jpg,Decorationandsignage
image7416.jpg,Food
image3272.jpg,Attire
image2493.jpg,Food
image9719.jpg,Attire
image8690.jpg,Decorationandsignage
image4677.jpg,Attire
image7355.jpg,Attire
image3463.jpg,Food
image10755.jpg,Food
image10718.jpg,Food
image10616.jpg,Attire
image568.jpg,Food
image4019.jpg,Attire
image1238.jpg,Attire
image4264.jpg,Decorationandsignage
image6398.jpg,Attire
image4907.jpg,misc
image6428.jpg,Food
image1591.jpg,Food
image3812.jpg,Food
image10695.jpg,Decorationandsignage
image3724.jpg,Attire
image4752.jpg,Attire
image8885.jpg,Decorationandsignage
image10354.jpg,misc
image10617.jpg,Food
image3859.jpg,Food
image8251.jpg,Decorationandsignage
image8981.jpg,misc
image503.jpg,Food
image10014.jpg,Food
image8328.jpg,Decorationandsignage
image8607.jpg,Food
image9683.jpg,Attire
image2442.jpg,Food
image7572.jpg,Food
image117.jpg,Attire
image8101.jpg,Food
image9224.jpg,misc
image6972.jpg,misc
image8537.jpg,Attire
image6691.jpg,misc
image10731.jpg,Decorationandsignage
image2376.jpg,misc
image4972.jpg,Attire
image9432.jpg,misc
image6810.jpg,Decorationandsignage
image9517.jpg,Attire
image8452.jpg,Food
image5787.jpg,Food
image8577.jpg,Decorationandsignage
image5417.jpg,Attire
image5249.jpg,Food
image1990.jpg,Attire
image5279.jpg,Attire
image3079.jpg,misc
image8765.jpg,Attire
image3387.jpg,Decorationandsignage
image3481.jpg,Decorationandsignage
image3565.jpg,Decorationandsignage
image6456.jpg,misc
image6654.jpg,Attire
image3739.jpg,Food
image9283.jpg,Decorationandsignage
image6958.jpg,Food
image5591.jpg,Attire
image1262.jpg,Attire
image8500.jpg,misc
image6647.jpg,Food
image5612.jpg,Attire
image5900.jpg,Attire
image375.jpg,misc
image5157.jpg,Food
image10207.jpg,Attire
image5082.jpg,Attire
image3427.jpg,Food
image5099.jpg,Attire
image6465.jpg,Attire
image10031.jpg,Food
image9005.jpg,Attire
image8362.jpg,Food
image2579.jpg,Attire
image2700.jpg,Attire
image4890.jpg,Food
image6221.jpg,Food
image3391.jpg,Attire
image4123.jpg,Food
image54.jpg,Food
image2363.jpg,misc
image5713.jpg,Food
image4532.jpg,Food
image3945.jpg,Food
image5799.jpg,Food
image4627.jpg,Decorationandsignage
image303.jpg,Attire
image9788.jpg,Food
image10275.jpg,Attire
image4769.jpg,Attire
image8784.jpg,Attire
image1855.jpg,Food
image7782.jpg,Food
image10163.jpg,Food
image7588.jpg,Food
image8202.jpg,misc
image8715.jpg,Attire
image8233.jpg,Decorationandsignage
image6516.jpg,Food
image832.jpg,Food
image995.jpg,misc
image5432.jpg,Attire
image9478.jpg,Food
image9755.jpg,Food
image6224.jpg,Attire
image7765.jpg,misc
image3377.jpg,misc
image7606.jpg,Decorationandsignage
image4268.jpg,Attire
image7170.jpg,Food
image2039.jpg,Food
image7386.jpg,Food
image1111.jpg,Food
image8317.jpg,Food
image10052.jpg,Attire
image3562.jpg,Food
image6322.jpg,Attire
image6578.jpg,Attire
image6859.jpg,Attire
image6482.jpg,Food
image2850.jpg,misc
image7943.jpg,Attire
image9202.jpg,Attire
image8054.jpg,misc
image2983.jpg,Attire
image5382.jpg,Food
image9743.jpg,Attire
image4736.jpg,Attire
image4719.jpg,Decorationandsignage
image5189.jpg,Food
image7000.jpg,Food
image4040.jpg,Attire
image4363.jpg,Attire
image2256.jpg,Attire
image4917.jpg,misc
image4911.jpg,Decorationandsignage
image2504.jpg,Food
image502.jpg,Food
image9659.jpg,Food
image7803.jpg,Food
image9058.jpg,Attire
image3354.jpg,Food
image4169.jpg,Food
image4854.jpg,Food
image8419.jpg,misc
image9280.jpg,misc
image3496.jpg,Food
image7436.jpg,Attire
image6562.jpg,Food
image1496.jpg,Attire
image8257.jpg,Attire
image9698.jpg,misc
image9864.jpg,Food
image1181.jpg,Decorationandsignage
image8311.jpg,Food
image5424.jpg,Attire
image9113.jpg,Food
image4939.jpg,Food
image5003.jpg,Food
image8968.jpg,Food
image6640.jpg,Food
image5970.jpg,Decorationandsignage
image1195.jpg,Food
image244.jpg,Food
image7954.jpg,Decorationandsignage
image5587.jpg,Attire
image4299.jpg,misc
image658.jpg,Decorationandsignage
image9467.jpg,Food
image9772.jpg,Attire
image8067.jpg,Decorationandsignage
image7996.jpg,Food
image965.jpg,Attire
image7821.jpg,Food
image7511.jpg,Decorationandsignage
image3839.jpg,Food
image563.jpg,Food
image8603.jpg,Food
image7430.jpg,Food
image10484.jpg,Attire
image6068.jpg,Food
image4692.jpg,misc
image8271.jpg,Food
image8957.jpg,Food
image6488.jpg,Food
image5015.jpg,Food
image6854.jpg,Food
image6350.jpg,Attire
image8622.jpg,misc
image7157.jpg,Food
image8641.jpg,Food
image2934.jpg,Decorationandsignage
image10632.jpg,Food
image1356.jpg,Decorationandsignage
image4678.jpg,Food
image4274.jpg,Decorationandsignage
image109.jpg,Attire
image8803.jpg,Food
image8381.jpg,Food
image5770.jpg,Attire
image9862.jpg,Attire
image3970.jpg,Attire
image5150.jpg,misc
image8347.jpg,Attire
image6994.jpg,misc
image4732.jpg,Food
image5579.jpg,Food
image6969.jpg,Food
image10222.jpg,Food
image2052.jpg,Attire
image8428.jpg,misc
image75.jpg,Decorationandsignage
image10094.jpg,Attire
image5565.jpg,misc
image7414.jpg,Decorationandsignage
image2682.jpg,Food
image4884.jpg,misc
image5641.jpg,Attire
image8775.jpg,Decorationandsignage
image10586.jpg,Food
image9639.jpg,Decorationandsignage
image10558.jpg,Decorationandsignage
image4682.jpg,Food
image3245.jpg,Food
image9177.jpg,Food
image6097.jpg,misc
image2365.jpg,Decorationandsignage
image2974.jpg,Food
image7640.jpg,Decorationandsignage
image4699.jpg,Decorationandsignage
image3097.jpg,Attire
image9604.jpg,Decorationandsignage
image10397.jpg,Attire
image5538.jpg,misc
image6246.jpg,Attire
image4259.jpg,Attire
image480.jpg,Food
image8055.jpg,misc
image9250.jpg,Food
image4846.jpg,Attire
image339.jpg,Decorationandsignage
image3740.jpg,Decorationandsignage
image1480.jpg,misc
image1209.jpg,Food
image8239.jpg,misc
image4949.jpg,Food
image4564.jpg,Attire
image1429.jpg,Food
image8300.jpg,Food
image6019.jpg,Food
image5605.jpg,Food
image9422.jpg,misc
image4293.jpg,Attire
image3136.jpg,Food
image5511.jpg,Food
image10056.jpg,misc
image7117.jpg,misc
image63.jpg,Attire
image423.jpg,misc
image7753.jpg,Food
image5858.jpg,Attire
image9920.jpg,Food
image5295.jpg,Food
image2511.jpg,Decorationandsignage
image5038.jpg,misc
image461.jpg,Food
image3575.jpg,Attire
image10098.jpg,Attire
image10519.jpg,Food
image9665.jpg,Food
image10157.jpg,misc
image8912.jpg,Decorationandsignage
image10650.jpg,Food
image1695.jpg,Attire
image7519.jpg,Food
image7026.jpg,Attire
image9145.jpg,Food
image6286.jpg,Decorationandsignage
image6006.jpg,Attire
image10579.jpg,Attire
image994.jpg,Attire
image1303.jpg,misc
image5706.jpg,Decorationandsignage
image6512.jpg,Food
image5475.jpg,Food
image3211.jpg,Decorationandsignage
image5868.jpg,Decorationandsignage
image6985.jpg,Decorationandsignage
image8764.jpg,Food
image4903.jpg,misc
image175.jpg,Food
image5283.jpg,Food
image5668.jpg,Food
image9551.jpg,Food
image10813.jpg,Attire
image7294.jpg,misc
image6672.jpg,Attire
image6818.jpg,misc
image10837.jpg,Food
image8373.jpg,Decorationandsignage
image6347.jpg,Attire
image5077.jpg,Decorationandsignage
image122.jpg,Attire
image3425.jpg,misc
image4127.jpg,misc
image4585.jpg,Decorationandsignage
image6591.jpg,Attire
image6648.jpg,Food
image4886.jpg,Food
image7222.jpg,Attire
image8506.jpg,Food
image6483.jpg,Food
image3362.jpg,Food
image1215.jpg,Attire
image8650.jpg,Food
image4017.jpg,Attire
image722.jpg,misc
image4955.jpg,Food
image9206.jpg,Food
image4546.jpg,Food
image9975.jpg,Attire
image2774.jpg,Food
image8070.jpg,Attire
image9480.jpg,Food
image4355.jpg,Food
image9207.jpg,Attire
image1692.jpg,Food
image5335.jpg,Attire
image7548.jpg,misc
image10459.jpg,Food
image8277.jpg,Attire
image5732.jpg,Attire
image4805.jpg,Attire
image4460.jpg,Attire
image3356.jpg,misc
image5873.jpg,misc
image10653.jpg,Food
image5872.jpg,Decorationandsignage
image2708.jpg,Attire
image7141.jpg,Food
image6200.jpg,Food
image7110.jpg,Attire
image9759.jpg,misc
image1813.jpg,Food
image6353.jpg,Decorationandsignage
image484.jpg,misc
image7537.jpg,misc
image2238.jpg,misc
image2297.jpg,Attire
image4421.jpg,Food
image3765.jpg,Attire
image5008.jpg,Attire
image10077.jpg,Food
image9069.jpg,Food
image9273.jpg,Food
image7135.jpg,Attire
image1206.jpg,misc
image5236.jpg,misc
image10832.jpg,misc
image3554.jpg,Food
image10637.jpg,Food
image5470.jpg,Food
image6443.jpg,misc
image1948.jpg,Decorationandsignage
image3897.jpg,Attire
image5692.jpg,misc
image4970.jpg,Food
image7597.jpg,Attire
image2194.jpg,Food
image9576.jpg,Food
image8761.jpg,Attire
image7081.jpg,Decorationandsignage
image6330.jpg,Food
image5704.jpg,Food
image9234.jpg,misc
image9647.jpg,Decorationandsignage
image9107.jpg,Food
image1098.jpg,Decorationandsignage
image5330.jpg,Food
image2159.jpg,Decorationandsignage
image7105.jpg,misc
image365.jpg,Decorationandsignage
image7160.jpg,Decorationandsignage
image8465.jpg,Food
image4125.jpg,Attire
image6556.jpg,Decorationandsignage
image9458.jpg,Attire
image6148.jpg,Food
image10521.jpg,Attire
image1938.jpg,Food
image4601.jpg,Decorationandsignage
image721.jpg,Food
image7060.jpg,Attire
image4252.jpg,Attire
image3871.jpg,Food
image6495.jpg,Food
image7862.jpg,Food
image4929.jpg,Decorationandsignage
image6271.jpg,Food
image297.jpg,Food
image10444.jpg,Food
image6120.jpg,Food
image6491.jpg,misc
image6927.jpg,Food
image837.jpg,Food
image8938.jpg,Food
image6165.jpg,misc
image2155.jpg,Attire
image552.jpg,Food
image4059.jpg,Attire
image5672.jpg,Food
image4510.jpg,Attire
image8901.jpg,Food
image10456.jpg,Attire
image7301.jpg,Attire
image7717.jpg,Food
image4821.jpg,Food
image409.jpg,Food
image6201.jpg,Food
image9143.jpg,Food
image3813.jpg,Decorationandsignage
image4675.jpg,Decorationandsignage
image3538.jpg,Food
image1124.jpg,Attire
image10044.jpg,misc
image8667.jpg,Food
image914.jpg,Food
image9334.jpg,Attire
image133.jpg,Decorationandsignage
image8941.jpg,Food
image6706.jpg,Decorationandsignage
image10039.jpg,Food
image8952.jpg,Attire
image5421.jpg,misc
image4459.jpg,Food
image9199.jpg,Attire
image1333.jpg,Food
image6111.jpg,misc
image7380.jpg,Attire
image8772.jpg,Food
image5326.jpg,Attire
image10417.jpg,misc
image5835.jpg,Attire
image494.jpg,misc
image7761.jpg,Decorationandsignage
image7255.jpg,Food
image5455.jpg,Attire
image8543.jpg,Attire
image8030.jpg,Attire
image2608.jpg,Food
image1573.jpg,Food
image1137.jpg,Decorationandsignage
image871.jpg,Attire
image1665.jpg,Attire
image926.jpg,Food
image1074.jpg,Decorationandsignage
image284.jpg,Food
image8573.jpg,misc
image1570.jpg,Food
image4901.jpg,Attire
image6511.jpg,Attire
image7143.jpg,Food
image8241.jpg,Attire
image403.jpg,Food
image1927.jpg,Attire
image9332.jpg,Attire
image6379.jpg,misc
image7442.jpg,Decorationandsignage
image8965.jpg,Food
image2064.jpg,Decorationandsignage
image5325.jpg,Food
image3922.jpg,Attire
image8828.jpg,Decorationandsignage
image10829.jpg,Attire
image10240.jpg,Attire
image9242.jpg,Decorationandsignage
image4746.jpg,Decorationandsignage
image8269.jpg,Decorationandsignage
image4583.jpg,misc
image239.jpg,Attire
image8115.jpg,Food
image10093.jpg,Food
image10877.jpg,Food
image3340.jpg,Food
image7460.jpg,Food
image9876.jpg,Attire
image7325.jpg,Attire
image4147.jpg,misc
image3939.jpg,Decorationandsignage
image2207.jpg,Food
image4387.jpg,Food
image1092.jpg,Food
image9760.jpg,Food
image8739.jpg,Food
image4835.jpg,misc
image4804.jpg,Food
image9064.jpg,Food
image5574.jpg,misc
image10206.jpg,Attire
image7952.jpg,misc
image6187.jpg,Attire
image8493.jpg,Attire
image3235.jpg,Decorationandsignage
image10876.jpg,Food
image5467.jpg,misc
image10613.jpg,Food
image5932.jpg,misc
image7872.jpg,misc
image3025.jpg,Decorationandsignage
image8064.jpg,Attire
image3348.jpg,Food
image1452.jpg,Decorationandsignage
image2237.jpg,Food
image252.jpg,Food
image3417.jpg,misc
image10250.jpg,Food
image4590.jpg,Decorationandsignage
image8503.jpg,Food
image6065.jpg,Attire
image7501.jpg,Attire
image9783.jpg,Food
image1259.jpg,Food
image8947.jpg,Food
image10430.jpg,Food
image7318.jpg,Attire
image7411.jpg,misc
image8794.jpg,Decorationandsignage
image6822.jpg,Food
image6033.jpg,misc
image4837.jpg,Attire
image10271.jpg,misc
image9829.jpg,misc
image4362.jpg,Food
image76.jpg,Food
image7129.jpg,Decorationandsignage
image5765.jpg,Attire
image5398.jpg,Food
image10170.jpg,Decorationandsignage
image6269.jpg,Attire
image7534.jpg,misc
image9744.jpg,Food
image7098.jpg,Food
image9915.jpg,Attire
image9089.jpg,Food
image5691.jpg,Attire
image6297.jpg,Food
image4477.jpg,Food
image4013.jpg,misc
image5520.jpg,Food
image3529.jpg,Attire
image6067.jpg,misc
image1198.jpg,Decorationandsignage
image3081.jpg,Attire
image9347.jpg,misc
image8831.jpg,misc
image6026.jpg,Attire
image6925.jpg,Decorationandsignage
image10084.jpg,misc
image6558.jpg,misc
image7672.jpg,Decorationandsignage
image1534.jpg,Food
image1471.jpg,misc
image7512.jpg,Food
image9612.jpg,Food
image6729.jpg,Food
image4067.jpg,misc
image3738.jpg,Food
image1774.jpg,misc
image5673.jpg,Attire
image8276.jpg,Food
image2984.jpg,misc
image770.jpg,Decorationandsignage
image7344.jpg,Attire
image8102.jpg,Food
image7850.jpg,Food
image989.jpg,Food
image6758.jpg,Attire
image7934.jpg,Food
image7220.jpg,Decorationandsignage
image4010.jpg,Attire
image5488.jpg,Decorationandsignage
image7275.jpg,Attire
image10831.jpg,Food
image4325.jpg,misc
image2323.jpg,Food
image10664.jpg,Food
image8149.jpg,Attire
image8478.jpg,Food
image3326.jpg,Food
image9688.jpg,Attire
image5392.jpg,Decorationandsignage
image4607.jpg,Food
image7535.jpg,Attire
image9419.jpg,misc
image1721.jpg,Food
image8927.jpg,Attire
image6448.jpg,Food
image9770.jpg,Attire
image5439.jpg,Food
image5408.jpg,Attire
image3642.jpg,misc
image7024.jpg,Food
image2441.jpg,misc
image1915.jpg,misc
image5843.jpg,Decorationandsignage
image4751.jpg,Attire
image6109.jpg,Attire
image4046.jpg,misc
image818.jpg,Decorationandsignage
image1906.jpg,misc
image4718.jpg,Decorationandsignage
image1624.jpg,Attire
image2751.jpg,Food
image2550.jpg,misc
image6579.jpg,Attire
image9490.jpg,Food
image371.jpg,Decorationandsignage
image7068.jpg,misc
image10567.jpg,Attire
image347.jpg,Decorationandsignage
image9792.jpg,misc
image6210.jpg,Attire
image6207.jpg,Decorationandsignage
image4214.jpg,Food
image4151.jpg,Food
image1756.jpg,Food
image7916.jpg,Food
image2242.jpg,Food
image1558.jpg,Attire
image8740.jpg,misc
image2621.jpg,misc
image7860.jpg,Food
image4771.jpg,Food
image1696.jpg,Attire
image3586.jpg,Decorationandsignage
image4053.jpg,Food
image6690.jpg,Attire
image4721.jpg,Food
image7048.jpg,Decorationandsignage
image9928.jpg,Food
image6636.jpg,Decorationandsignage
image7283.jpg,Attire
image1146.jpg,Food
image6543.jpg,Attire
image3709.jpg,Attire
image1430.jpg,misc
image8321.jpg,Food
image8165.jpg,Attire
image7523.jpg,Attire
image10269.jpg,Decorationandsignage
image7738.jpg,Food
image10481.jpg,Food
image7188.jpg,Decorationandsignage
image10598.jpg,misc
image8545.jpg,Food
image2116.jpg,Attire
image2833.jpg,misc
image4315.jpg,Attire
image8619.jpg,Food
image3147.jpg,Attire
image10133.jpg,misc
image6831.jpg,misc
image3117.jpg,Food
image2035.jpg,misc
image5042.jpg,Food
image9802.jpg,Attire
image3052.jpg,Attire
image4018.jpg,Attire
image1562.jpg,Food
image10743.jpg,Attire
image6088.jpg,Food
image10765.jpg,Attire
image8099.jpg,Food
image7217.jpg,Attire
image10542.jpg,Food
image1055.jpg,Food
image6620.jpg,Food
image7549.jpg,Decorationandsignage
image6577.jpg,Food
image2806.jpg,Food
image6507.jpg,Attire
image9501.jpg,Attire
image4068.jpg,misc
image4487.jpg,Decorationandsignage
image5583.jpg,Attire
image8379.jpg,Food
image6288.jpg,Decorationandsignage
image8412.jpg,misc
image5472.jpg,Food
image7352.jpg,Food
image1524.jpg,Food
image979.jpg,Decorationandsignage
image2335.jpg,Decorationandsignage
image3634.jpg,Food
image10662.jpg,Attire
image6084.jpg,Decorationandsignage
image7130.jpg,Food
image3359.jpg,Attire
image10555.jpg,misc
image4659.jpg,Attire
image7281.jpg,Decorationandsignage
image10418.jpg,Food
image4284.jpg,Attire
image5311.jpg,Decorationandsignage
image4843.jpg,misc
image9380.jpg,Food
image2337.jpg,Food
image8595.jpg,Attire
image2382.jpg,Decorationandsignage
image7212.jpg,misc
image10809.jpg,Decorationandsignage
image1982.jpg,misc
image7977.jpg,Food
image2286.jpg,Decorationandsignage
image7425.jpg,Attire
image8183.jpg,Decorationandsignage
image2500.jpg,Attire
image2745.jpg,Attire
image6900.jpg,Food
image10026.jpg,misc
image10023.jpg,Decorationandsignage
image5242.jpg,Decorationandsignage
image8103.jpg,Attire
image8682.jpg,Decorationandsignage
image9587.jpg,misc
image8292.jpg,Decorationandsignage
image6693.jpg,Attire
image396.jpg,Attire
image2287.jpg,Food
image5451.jpg,Attire
image1465.jpg,misc
image1112.jpg,Food
image10761.jpg,Food
image10236.jpg,Decorationandsignage
image9933.jpg,Attire
image10628.jpg,misc
image9361.jpg,misc
image7565.jpg,Food
image8676.jpg,Decorationandsignage
image8144.jpg,Food
image2331.jpg,Decorationandsignage
image9393.jpg,Attire
image1691.jpg,Attire
image4228.jpg,Food
image3122.jpg,misc
image7853.jpg,Decorationandsignage
image8751.jpg,misc
image3675.jpg,Attire
image600.jpg,Food
image1320.jpg,Decorationandsignage
image8546.jpg,Food
image7311.jpg,Food
image3127.jpg,Decorationandsignage
image6575.jpg,misc
image3218.jpg,Decorationandsignage
image744.jpg,Decorationandsignage
image10231.jpg,Decorationandsignage
image3409.jpg,Attire
image2643.jpg,misc
image2668.jpg,Decorationandsignage
image7328.jpg,Attire
image2835.jpg,misc
image3889.jpg,misc
image6074.jpg,Food
image8121.jpg,Decorationandsignage
image1370.jpg,Food
image3865.jpg,Decorationandsignage
image4270.jpg,Attire
image2314.jpg,misc
image9278.jpg,Food
image1325.jpg,Attire
image8513.jpg,misc
image892.jpg,misc
image7041.jpg,Decorationandsignage
image7377.jpg,Food
image4344.jpg,Decorationandsignage
image4476.jpg,Attire
image7801.jpg,Food
image1039.jpg,Attire
image4200.jpg,Decorationandsignage
image3441.jpg,Decorationandsignage
image279.jpg,misc
image8120.jpg,misc
image1737.jpg,Attire
image2139.jpg,Food
image7248.jpg,Attire
image6826.jpg,Attire
image723.jpg,Attire
image10005.jpg,misc
image2838.jpg,Attire
image3814.jpg,Attire
image6743.jpg,Food
image10774.jpg,Food
image9256.jpg,Food
image8192.jpg,Food
image4780.jpg,Food
image194.jpg,Food
image2053.jpg,Attire
image1773.jpg,Food
image8434.jpg,Attire
image6863.jpg,Attire
image2794.jpg,Attire
image5095.jpg,Food
image5230.jpg,Attire
image1673.jpg,Attire
image10037.jpg,Attire
image5733.jpg,Food
image5842.jpg,misc
image1142.jpg,Food
image10350.jpg,Food
image2729.jpg,Decorationandsignage
image7474.jpg,Food
image10245.jpg,Decorationandsignage
image6040.jpg,Attire
image9140.jpg,Food
image725.jpg,Food
image9998.jpg,Attire
image10777.jpg,misc
image2387.jpg,Food
image1519.jpg,Decorationandsignage
image153.jpg,Decorationandsignage
image1399.jpg,Decorationandsignage
image7666.jpg,Decorationandsignage
image8966.jpg,misc
image5319.jpg,Attire
image2049.jpg,Food
image4557.jpg,Attire
image10009.jpg,Food
image9314.jpg,misc
image424.jpg,Food
image5046.jpg,Food
image514.jpg,Food
image8108.jpg,Food
image9121.jpg,Food
image1075.jpg,Attire
image5481.jpg,Decorationandsignage
image6528.jpg,misc
image668.jpg,Attire
image9696.jpg,Decorationandsignage
image9799.jpg,Attire
image3109.jpg,Decorationandsignage
image5671.jpg,Food
image8421.jpg,misc
image9878.jpg,misc
image312.jpg,Attire
image4628.jpg,Attire
image10518.jpg,Attire
image8398.jpg,misc
image5266.jpg,Attire
image3551.jpg,Food
image9884.jpg,Attire
image2912.jpg,Attire
image8527.jpg,Food
image3876.jpg,Food
image4650.jpg,misc
image8994.jpg,Decorationandsignage
image6463.jpg,Food
image3319.jpg,Attire
image7106.jpg,Decorationandsignage
image4473.jpg,Attire
image493.jpg,Food
image6981.jpg,Food
image2789.jpg,Food
image4892.jpg,Attire
image8657.jpg,Attire
image6182.jpg,Attire
image2659.jpg,Food
image1503.jpg,Decorationandsignage
image9098.jpg,Food
image10330.jpg,Food
image5156.jpg,Attire
image10770.jpg,Attire
image8291.jpg,Attire
image3736.jpg,Attire
image8853.jpg,Food
image1840.jpg,Food
image8349.jpg,Food
image10510.jpg,Attire
image4674.jpg,misc
image5274.jpg,misc
image8645.jpg,Food
image10501.jpg,Decorationandsignage
image5675.jpg,Attire
image6847.jpg,misc
image10124.jpg,Attire
image5216.jpg,misc
image4308.jpg,Attire
image2575.jpg,Attire
image4207.jpg,Decorationandsignage
image2777.jpg,Attire
image9220.jpg,Food
image324.jpg,Food
image9942.jpg,Food
image6968.jpg,Attire
image4184.jpg,Food
image8551.jpg,misc
image7096.jpg,Decorationandsignage
image819.jpg,Attire
image8532.jpg,misc
image2391.jpg,Food
image9972.jpg,Food
image8177.jpg,Attire
image8688.jpg,Attire
image8473.jpg,misc
image7272.jpg,Attire
image1960.jpg,Decorationandsignage
image2142.jpg,Attire
image4031.jpg,Decorationandsignage
image10238.jpg,misc
image6130.jpg,Attire
image9352.jpg,Attire
image4866.jpg,misc
image8593.jpg,Attire
image462.jpg,misc
image4156.jpg,Decorationandsignage
image4549.jpg,Food
image3648.jpg,Decorationandsignage
image3550.jpg,Decorationandsignage
image9964.jpg,Decorationandsignage
image2483.jpg,Food
image7371.jpg,Food
image1613.jpg,Attire
image7959.jpg,Food
image1625.jpg,Food
image3570.jpg,Decorationandsignage
image9418.jpg,Decorationandsignage
image7132.jpg,Decorationandsignage
image572.jpg,Food
image5761.jpg,misc
image6255.jpg,Attire
image1263.jpg,misc
image7421.jpg,Food
image2955.jpg,Decorationandsignage
image8675.jpg,Food
image6670.jpg,misc
image4341.jpg,misc
image6399.jpg,Attire
image4680.jpg,Attire
image5020.jpg,Decorationandsignage
image3177.jpg,Food
image10024.jpg,Food
image2205.jpg,Food
image7142.jpg,Decorationandsignage
image10027.jpg,misc
image8485.jpg,Attire
image2330.jpg,Food
image4337.jpg,Attire
image10874.jpg,Food
image9219.jpg,Food
image5849.jpg,Food
image4889.jpg,Food
image10364.jpg,Food
image9824.jpg,Attire
image6213.jpg,misc
image10429.jpg,Attire
image9453.jpg,Attire
image9411.jpg,Food
image9020.jpg,Attire
image7827.jpg,Food
image9405.jpg,Food
image9961.jpg,Attire
image335.jpg,Attire
image8174.jpg,Food
image4848.jpg,Food
image8733.jpg,Food
image367.jpg,misc
image7015.jpg,Attire
image9181.jpg,Attire
image8199.jpg,misc
image3057.jpg,Food
image923.jpg,Decorationandsignage
image1716.jpg,misc
image10411.jpg,misc
image8725.jpg,Food
image7559.jpg,Food
image4717.jpg,Decorationandsignage
image4910.jpg,misc
image8921.jpg,misc
image4399.jpg,Food
image1245.jpg,Decorationandsignage
image9437.jpg,Attire
image2601.jpg,Food
image4074.jpg,Food
image7772.jpg,Decorationandsignage
image5443.jpg,Attire
image8150.jpg,Food
image1123.jpg,Food
image5048.jpg,misc
image10748.jpg,Food
image9978.jpg,Attire
image5315.jpg,Decorationandsignage
image10552.jpg,Decorationandsignage
image7495.jpg,misc
image1653.jpg,misc
image6025.jpg,misc
image5500.jpg,Decorationandsignage
image6536.jpg,Decorationandsignage
image5533.jpg,Attire
image7445.jpg,misc
image10827.jpg,Food
image6231.jpg,Food
image4334.jpg,misc
image9712.jpg,Food
image5588.jpg,misc
image215.jpg,Food
image2896.jpg,Attire
image3480.jpg,Food
image10825.jpg,misc
image5316.jpg,Food
image1752.jpg,misc
image2461.jpg,misc
image1203.jpg,Food
image5949.jpg,Food
image1674.jpg,misc
image10169.jpg,misc
image9408.jpg,Attire
image968.jpg,Attire
image9509.jpg,Decorationandsignage
image6815.jpg,Food
image7408.jpg,Attire
image5165.jpg,Food
image7825.jpg,Attire
image2145.jpg,Food
image1828.jpg,misc
image3305.jpg,Attire
image8812.jpg,Attire
image1984.jpg,Decorationandsignage
image1602.jpg,Food
image6071.jpg,misc
image458.jpg,Attire
image1027.jpg,misc
image5188.jpg,Attire
image2444.jpg,Food
image68.jpg,Food
image6285.jpg,Food
image5724.jpg,Food
image6105.jpg,Decorationandsignage
image1597.jpg,Food
image8430.jpg,Decorationandsignage
image5024.jpg,misc
image5327.jpg,Attire
image8270.jpg,Attire
image9258.jpg,Food
image928.jpg,Decorationandsignage
image6449.jpg,Food
image2175.jpg,Attire
image2427.jpg,Food
image4002.jpg,Attire
image4827.jpg,Decorationandsignage
image4822.jpg,Attire
image7859.jpg,misc
image866.jpg,Food
image3500.jpg,Food
image5371.jpg,Attire
image6501.jpg,Decorationandsignage
image6010.jpg,Food
image9211.jpg,misc
image8395.jpg,Food
image3398.jpg,misc
image9111.jpg,Food
image6574.jpg,Decorationandsignage
image10210.jpg,Attire
image8052.jpg,Attire
image9699.jpg,Food
image7660.jpg,Food
image1642.jpg,Food
image7585.jpg,Decorationandsignage
image3056.jpg,misc
image5968.jpg,Attire
image4377.jpg,Food
image9006.jpg,Food
image3783.jpg,Food
image9191.jpg,Decorationandsignage
image3448.jpg,Food
image2848.jpg,Attire
image1056.jpg,Food
image3471.jpg,Attire
image6132.jpg,misc
image6282.jpg,Food
image4651.jpg,Food
image10159.jpg,misc
image7530.jpg,Food
image7383.jpg,Attire
image2109.jpg,misc
image7375.jpg,Food
image10455.jpg,Food
image9493.jpg,misc
image9443.jpg,Attire
image6697.jpg,Attire
image3277.jpg,misc
image5101.jpg,Food
image298.jpg,Attire
image9472.jpg,Food
image8193.jpg,Food
image5953.jpg,misc
image5546.jpg,misc
image1291.jpg,Attire
image1783.jpg,Food
image8646.jpg,Attire
image7107.jpg,misc
image884.jpg,Food
image8818.jpg,Food
image6624.jpg,Decorationandsignage
image6053.jpg,Decorationandsignage
image5659.jpg,Food
image7067.jpg,Food
image2726.jpg,Attire
image7317.jpg,Food
image4895.jpg,Attire
image8638.jpg,Attire
image1594.jpg,Food
image2597.jpg,misc
image6367.jpg,Food
image3591.jpg,Attire
image9291.jpg,Attire
image6907.jpg,Attire
image10297.jpg,Attire
image9869.jpg,Decorationandsignage
image6497.jpg,misc
image5332.jpg,misc
image3214.jpg,misc
image6704.jpg,Decorationandsignage
image2867.jpg,Food
image1439.jpg,Attire
image561.jpg,Food
image6177.jpg,misc
image5347.jpg,misc
image761.jpg,misc
image8910.jpg,Attire
image5527.jpg,misc
image10747.jpg,Food
image7601.jpg,Food
image5539.jpg,Decorationandsignage
image7865.jpg,misc
image4921.jpg,Food
image4982.jpg,Attire
image7254.jpg,Attire
image3444.jpg,Food
image3610.jpg,Decorationandsignage
image6514.jpg,misc
image438.jpg,Food
image9299.jpg,misc
image9700.jpg,Food
image2349.jpg,misc
image7125.jpg,Food
image3440.jpg,Food
image8579.jpg,Food
image5478.jpg,Attire
image1175.jpg,Food
image9565.jpg,Attire
image9678.jpg,Decorationandsignage
image6950.jpg,Attire
image2135.jpg,Attire
image5542.jpg,misc
image2085.jpg,misc
image3144.jpg,misc
image7206.jpg,Attire
image7228.jpg,misc
image5268.jpg,misc
image5351.jpg,Decorationandsignage
image1260.jpg,Food
image7800.jpg,Food
image2888.jpg,Decorationandsignage
image10548.jpg,Decorationandsignage
image1108.jpg,Attire
image3352.jpg,Decorationandsignage
image1037.jpg,Food
image6934.jpg,Food
image8025.jpg,misc
image5754.jpg,Decorationandsignage
image7569.jpg,Food
image10327.jpg,Attire
image5493.jpg,Decorationandsignage
image7967.jpg,Food
image9165.jpg,Food
image2757.jpg,Food
image8095.jpg,Food
image4503.jpg,Food
image9580.jpg,Attire
image3382.jpg,Decorationandsignage
image8709.jpg,Attire
image3470.jpg,Food
image10884.jpg,Food
image3028.jpg,misc
image2221.jpg,Attire
image2543.jpg,Food
image541.jpg,Food
image1084.jpg,Food
image7458.jpg,Food
image7932.jpg,Attire
image9438.jpg,misc
image4332.jpg,Food
image4263.jpg,Food
image5437.jpg,Food
image2611.jpg,Food
image8404.jpg,misc
image5522.jpg,Food
image3168.jpg,Attire
image2001.jpg,Attire
image4857.jpg,Food
image3047.jpg,Decorationandsignage
image7723.jpg,Attire
image5211.jpg,Food
image9970.jpg,Decorationandsignage
image5959.jpg,Attire
image4446.jpg,Decorationandsignage
image171.jpg,Attire
image3619.jpg,Attire
image7050.jpg,Food
image10309.jpg,Attire
image10845.jpg,misc
image10342.jpg,misc
image7767.jpg,misc
image4923.jpg,Attire
image9072.jpg,Decorationandsignage
image1224.jpg,Food
image4186.jpg,Attire
image10821.jpg,Attire
image10450.jpg,Decorationandsignage
image5210.jpg,Food
image3283.jpg,Food
image10576.jpg,Food
image2739.jpg,misc
image10067.jpg,Attire
image5502.jpg,Attire
image4331.jpg,Food
image10081.jpg,Attire
image10810.jpg,Food
image5827.jpg,Food
image7616.jpg,Decorationandsignage
image1151.jpg,misc
image3237.jpg,misc
image6357.jpg,misc
image4658.jpg,Decorationandsignage
image9793.jpg,Food
image5569.jpg,Food
image1120.jpg,Decorationandsignage
image505.jpg,Food
image4345.jpg,Food
image6489.jpg,misc
image2032.jpg,Food
image1377.jpg,Decorationandsignage
image5537.jpg,misc
image2593.jpg,Decorationandsignage
image6475.jpg,misc
image5240.jpg,Attire
image869.jpg,misc
image7277.jpg,misc
image569.jpg,Food
image9484.jpg,Attire
image6179.jpg,Attire
image2327.jpg,misc
image9236.jpg,Food
image7428.jpg,Attire
image8855.jpg,Food
image2684.jpg,Attire
image2457.jpg,Decorationandsignage
image6522.jpg,Food
image7099.jpg,misc
image5255.jpg,Food
image10145.jpg,misc
image1887.jpg,Food
image1375.jpg,Attire
image10305.jpg,Food
image1072.jpg,Food
image7308.jpg,Food
image685.jpg,misc
image3536.jpg,Food
image178.jpg,Food
image3677.jpg,Food
image8599.jpg,Food
image8727.jpg,Food
image7215.jpg,Attire
image6028.jpg,Food
image271.jpg,Attire
image10886.jpg,Food
image10858.jpg,Attire
image7001.jpg,Attire
image85.jpg,Food
image10756.jpg,misc
image10768.jpg,Food
image8787.jpg,Food
image511.jpg,Decorationandsignage
image4234.jpg,Attire
image4527.jpg,misc
image362.jpg,Attire
image3021.jpg,Attire
image8198.jpg,Food
image9892.jpg,Food
image9768.jpg,Attire
image3090.jpg,Decorationandsignage
image5832.jpg,Decorationandsignage
image10278.jpg,Decorationandsignage
image5609.jpg,Food
image7034.jpg,Food
image7503.jpg,misc
image6848.jpg,Attire
image8766.jpg,Decorationandsignage
image1059.jpg,misc
image2352.jpg,Attire
image6038.jpg,Attire
image10669.jpg,Food
image9708.jpg,Food
image2172.jpg,misc
image8273.jpg,Food
image10784.jpg,Food
image3402.jpg,Food
image6630.jpg,misc
image2540.jpg,Attire
image7013.jpg,misc
image6332.jpg,Food
image4032.jpg,Food
image1569.jpg,Food
image3537.jpg,Decorationandsignage
image547.jpg,Attire
image3106.jpg,Food
image7097.jpg,Food
image5535.jpg,Attire
image8961.jpg,Attire
image2641.jpg,Food
image4605.jpg,Food
image10151.jpg,Food
image6480.jpg,misc
image10317.jpg,Food
image4706.jpg,Decorationandsignage
image8363.jpg,Food
image3600.jpg,misc
image1767.jpg,Food
image9879.jpg,Food
image269.jpg,Food
image9530.jpg,Food
image451.jpg,Attire
image7085.jpg,Food
image4749.jpg,Food
image7137.jpg,Decorationandsignage
image2028.jpg,Food
image549.jpg,Food
image1546.jpg,Food
image10744.jpg,Food
image9563.jpg,Attire
image6809.jpg,Decorationandsignage
image7267.jpg,Decorationandsignage
image8449.jpg,Decorationandsignage
image5769.jpg,misc
image5906.jpg,misc
image7218.jpg,Decorationandsignage
image10530.jpg,Food
image10478.jpg,misc
image6037.jpg,Attire
image8091.jpg,Attire
image10872.jpg,Food
image8789.jpg,Food
image9243.jpg,Food
image234.jpg,Attire
image8167.jpg,Decorationandsignage
image4646.jpg,Food
image2528.jpg,Food
image5838.jpg,Decorationandsignage
image1022.jpg,Food
image5445.jpg,Food
image10349.jpg,misc
image7072.jpg,Attire
image2138.jpg,Food
image3193.jpg,Food
image10436.jpg,Food
image10611.jpg,Food
image649.jpg,Food
image1082.jpg,Decorationandsignage
image8735.jpg,misc
image2276.jpg,Attire
image745.jpg,misc
image6778.jpg,Food
image3978.jpg,misc
image4897.jpg,misc
image6050.jpg,Food
image7033.jpg,misc
image10178.jpg,Decorationandsignage
image1497.jpg,Decorationandsignage
image2982.jpg,Attire
image6582.jpg,Food
image355.jpg,Attire
image5136.jpg,Food
image652.jpg,Decorationandsignage
image10191.jpg,Food
image4514.jpg,Decorationandsignage
image1730.jpg,Food
image3349.jpg,misc
image10115.jpg,misc
image3679.jpg,Food
image497.jpg,Attire
image9344.jpg,Attire
image2475.jpg,Decorationandsignage
image8728.jpg,Decorationandsignage
image1287.jpg,Attire
image7869.jpg,Food
image7900.jpg,Attire
image373.jpg,Decorationandsignage
image8881.jpg,Decorationandsignage
image4902.jpg,Food
image5826.jpg,Food
image9374.jpg,Food
image4199.jpg,Food
image9403.jpg,Food
image272.jpg,Decorationandsignage
image4104.jpg,Food
image797.jpg,misc
image10158.jpg,Food
image4793.jpg,Attire
image861.jpg,Food
image213.jpg,Food
image10583.jpg,Attire
image7177.jpg,Food
image10147.jpg,Attire
image8058.jpg,Decorationandsignage
image10640.jpg,Food
image9025.jpg,Attire
image3994.jpg,misc
image8935.jpg,Decorationandsignage
image7763.jpg,Attire
image7609.jpg,Food
image5126.jpg,Food
image9066.jpg,Food
image6530.jpg,misc
image6957.jpg,Attire
image1601.jpg,Decorationandsignage
image2701.jpg,Decorationandsignage
image4185.jpg,Attire
image513.jpg,Food
image4297.jpg,Attire
image8432.jpg,misc
image6390.jpg,Decorationandsignage
image2134.jpg,Attire
image1479.jpg,Decorationandsignage
image6914.jpg,Attire
image6081.jpg,misc
image4086.jpg,Attire
image1736.jpg,misc
image7505.jpg,Food
image554.jpg,Decorationandsignage
image360.jpg,Food
image1544.jpg,Food
image2925.jpg,Attire
image656.jpg,misc
image9465.jpg,Food
image1038.jpg,Attire
image9062.jpg,Decorationandsignage
image4759.jpg,Food
image6555.jpg,Attire
image2878.jpg,Attire
image5870.jpg,Food
image9897.jpg,Attire
image7987.jpg,Food
image8384.jpg,Decorationandsignage
image9442.jpg,Attire
image3862.jpg,Food
image3260.jpg,misc
image6977.jpg,misc
image6378.jpg,Food
image2566.jpg,Attire
image3628.jpg,Attire
image1468.jpg,misc
image9684.jpg,Decorationandsignage
image9240.jpg,Food
image4957.jpg,Food
image9944.jpg,Attire
image5630.jpg,Attire
image120.jpg,Decorationandsignage
image7993.jpg,Food
image8231.jpg,Attire
image1535.jpg,Attire
image8951.jpg,Attire
image6407.jpg,misc
image10410.jpg,Decorationandsignage
image8261.jpg,Food
image5450.jpg,misc
image9511.jpg,Food
image2013.jpg,Attire
image6364.jpg,Food
image9200.jpg,Attire
image9153.jpg,Attire
image1220.jpg,Food
image7942.jpg,Food
image7603.jpg,Attire
image1929.jpg,Attire
image5857.jpg,Attire
image2007.jpg,Attire
image2146.jpg,Attire
image1588.jpg,misc
image5337.jpg,Food
image3449.jpg,Attire
image3183.jpg,Decorationandsignage
image5667.jpg,misc
image1332.jpg,Food
image4222.jpg,Decorationandsignage
image1486.jpg,Decorationandsignage
image10217.jpg,Attire
image740.jpg,Decorationandsignage
image5705.jpg,Food
image8891.jpg,Food
image7362.jpg,Attire
image1207.jpg,Food
image3019.jpg,misc
image2179.jpg,Attire
image1778.jpg,Food
image8587.jpg,Decorationandsignage
image6910.jpg,misc
image9163.jpg,Food
image8867.jpg,Attire
image7905.jpg,Food
image3039.jpg,Decorationandsignage
image6617.jpg,Food
image7064.jpg,misc
image1731.jpg,Food
image2041.jpg,Food
image6070.jpg,Food
image3280.jpg,Attire
image9958.jpg,misc
image9293.jpg,Food
image10685.jpg,Food
image9945.jpg,Food
image9988.jpg,Attire
image7306.jpg,Attire
image2610.jpg,misc
image2627.jpg,misc
image6962.jpg,Attire
image10012.jpg,Food
image4271.jpg,Attire
image10008.jpg,Food
image3143.jpg,Decorationandsignage
image8429.jpg,Decorationandsignage
image750.jpg,Food
image7940.jpg,Food
image8075.jpg,Food
image8684.jpg,Food
image10694.jpg,Food
image5173.jpg,Attire
image5801.jpg,misc
image6963.jpg,Attire
image1857.jpg,Attire
image10508.jpg,misc
image329.jpg,misc
image7339.jpg,misc
image280.jpg,Decorationandsignage
image4802.jpg,Attire
image6429.jpg,misc
image5448.jpg,Attire
image2570.jpg,Attire
image10047.jpg,Food
image9594.jpg,Decorationandsignage
image5389.jpg,Attire
image519.jpg,Decorationandsignage
image2747.jpg,Attire
image5112.jpg,Attire
image9653.jpg,Attire
image4604.jpg,Food
image8714.jpg,Attire
image9987.jpg,Decorationandsignage
image3337.jpg,Attire
image416.jpg,Food
image2675.jpg,Attire
image8033.jpg,Food
image10623.jpg,Attire
image2818.jpg,Food
image9368.jpg,Food
image5404.jpg,Decorationandsignage
image7731.jpg,Attire
image6410.jpg,misc
image9882.jpg,Food
image7664.jpg,Attire
image6243.jpg,Attire
image784.jpg,Food
image141.jpg,Attire
image10659.jpg,Attire
image5062.jpg,Food
image10596.jpg,misc
image9130.jpg,misc
image10570.jpg,Decorationandsignage
image4452.jpg,Attire
image1718.jpg,misc
image9671.jpg,Food
image9913.jpg,Decorationandsignage
image1036.jpg,Food
image2650.jpg,Decorationandsignage
image1417.jpg,Decorationandsignage
image6265.jpg,Decorationandsignage
image5877.jpg,Decorationandsignage
image9656.jpg,Decorationandsignage
image6333.jpg,Attire
image3680.jpg,Decorationandsignage
image6075.jpg,Decorationandsignage
image8213.jpg,Decorationandsignage
image1539.jpg,Food
image9969.jpg,misc
image3870.jpg,Decorationandsignage
image1096.jpg,Attire
image2951.jpg,misc
image7456.jpg,misc
image7111.jpg,Decorationandsignage
image148.jpg,Food
image145.jpg,Food
image9260.jpg,misc
image7187.jpg,Decorationandsignage
image3828.jpg,Decorationandsignage
image10736.jpg,Food
image9801.jpg,Attire
image1872.jpg,Food
image7133.jpg,Attire
image4630.jpg,Food
image1766.jpg,Food
image9499.jpg,Attire
image796.jpg,Food
image10850.jpg,misc
image7057.jpg,Attire
image4335.jpg,misc
image10836.jpg,Food
image10363.jpg,Decorationandsignage
image7856.jpg,Decorationandsignage
image256.jpg,misc
image6166.jpg,Food
image9701.jpg,Attire
image4967.jpg,Food
image7263.jpg,Food
image10307.jpg,Food
image1869.jpg,Decorationandsignage
image1193.jpg,Food
image3690.jpg,misc
image4932.jpg,misc
image1917.jpg,Decorationandsignage
image9837.jpg,Food
image6805.jpg,Attire
image5934.jpg,Food
image3126.jpg,Attire
image10360.jpg,Food
image4961.jpg,misc
image2338.jpg,Decorationandsignage
image7506.jpg,Food
image8924.jpg,Decorationandsignage
image8032.jpg,Food
image6122.jpg,Food
image2753.jpg,Attire
image10046.jpg,Food
image10150.jpg,Food
image388.jpg,misc
image2339.jpg,Attire
image6156.jpg,Food
image10830.jpg,Food
image4914.jpg,misc
image155.jpg,Decorationandsignage
image10119.jpg,Decorationandsignage
image5572.jpg,Decorationandsignage
image9529.jpg,Attire
image4461.jpg,Attire
image9454.jpg,Decorationandsignage
image3544.jpg,misc
image2914.jpg,Food
image2738.jpg,Food
image2613.jpg,misc
image2856.jpg,Attire
image9274.jpg,Food
image4442.jpg,Food
image5119.jpg,Food
image8564.jpg,Attire
image4836.jpg,Attire
image1530.jpg,misc
image336.jpg,Attire
image7734.jpg,Food
image537.jpg,Food
image2448.jpg,Food
image1924.jpg,Decorationandsignage
image8569.jpg,misc
image8474.jpg,Food
image9538.jpg,misc
image1816.jpg,misc
image5943.jpg,Attire
image1235.jpg,misc
image3141.jpg,Attire
image4665.jpg,Food
image10691.jpg,Food
image2177.jpg,Decorationandsignage
image1978.jpg,Attire
image8302.jpg,Attire
image6005.jpg,Attire
image4319.jpg,misc
image8222.jpg,Food
image4968.jpg,misc
image6673.jpg,Food
image3442.jpg,Attire
image8178.jpg,Decorationandsignage
image5367.jpg,Decorationandsignage
